From,To,Type,Through,start_x,start_y,stop_x,stop_y,adjacency_rule_name,Comment
x93B4C3,x8185F7,sea,-1,6100,482,6122,477,,Sarpath
x8185F7,xD3DE71,sea,-1,6128,471,6135,460,,Sarpath
x71c1ec,xed7baf,sea,-1,2443,2850,2455,2850,,Blumeto
xa9d4bb,xf0b29b,sea,-1,2101,2776,2087,2774,,Leptaria
xd4f25d,xf7efe8,sea,-1,2281,1752,2277,1759,,Amberwick
x6afaef,xd0ecdb,sea,-1,2926,1023,2931,1026,,Uzurkilima
xC2C1CC,xB1D0BB,sea,-1,820,1663,829,1676,,Iharkhan
xdd44d4,xef4af7,sea,-1,381,1147,389,1123,,Kamishinba
xef4af7,xce47f4,sea,-1,386,1116,351,1111,,Kamishinba
xd2b8b5,x45ecca,sea,-1,1122,1347,1131,1352,,Khangawa-Grommok
xc8f3b3,x9fc5ba,sea,-1,629,917,642,915,,Nisiguchi-Mongorokku
xF5CDE4,x9EBFFD,sea,-1,5118,1795,5125,1795,,Serbinelle
xacd6bb,xc1b6a2,sea,-1,1670,1048,1668,1037,,Takayamaan
x63d5fb,x45f2d7,sea,-1,1705,1031,1676,1027,,Takayamaan
x1ff3ee,xe3f38c,sea,-1,1316,1395,1320,1403,,Urthor
xc7e19a,x1d0734,sea,-1,766,1730,778,1728,,aratzirri
xf7d68d,xe16bce,sea,-1,603,1691,616,1707,,Olarra
xdea879,xda70e3,sea,-1,6108,3075,6123,3087,,eoghan's spear-glasliesh
xcce4d0,xd3fa93,sea,-1,270,1635,283,1616,,placeholder_empty_2 north
xddb8b5,xd3fa93,sea,-1,306,1623,290,1617,,placeholder_empty_2 northeast
xfd26f8,xd3fa93,sea,-1,289,1608,294,1593,,placeholder_empty_2 center
xfd26f8,xf2c963,sea,-1,301,1588,327,1593,,placeholder_empty_2 southeast
xf4b2a8,x59d7ce,sea,-1,4081,2510,4072,2493,,laeranel island i just don't like em
xf0cd44,xdf76b8,sea,-1,3800,2626,3799,2614,,alnafhid island
xf163df,xb4cd7d,sea,-1,3966,2295,3975,2286,,shadgol island
xc9fa4e,x66ade3,sea,-1,3870,2302,3858,2282,,asarshir island
x4cb4f9,x87b4fa,sea,-1,5933,3350,5947,3351,,balathoul --> hjeltia
xA65DF8,xf8c569,sea,-1,6249,3350,6227,3392,,forrtorp --> tanists retreat
xcab6a0,xa2eb79,special,-1,-1,-1,-1,-1,,snailbane island
x2cd2fe,xa4b3a4,special,-1,-1,-1,-1,-1,,maplelake island snailbane
x012136,x6D80F3,special,-1,2191,1658,1495,3612,,shipshatter-->midwest zaloron skies
x012136,x571135,special,-1,2191,1658,1501,3613,,shipshatter-->southwest zalaron skies
x6D80F3,x571135,special,-1,1496,3613,1500,3613,,midwest-->southwest zalaron skies
xf18fb8,x0fc192,special,-1,557,3610,796,2010,,birdie bay skies-->birdie bay
xe887c1,x012136,special,-1,1487,3613,2191,1658,,shoulderskies-->shipshatter
xe887c1,xa3aa59,special,-1,1487,3613,1480,3613,,shoulderskies-->ravenwatch skies
xa3aa59,x6D80F3,special,-1,1480,3613,1496,3613,,ravenwatch skies-->midwest zalaron
x9423b7,xa3aa59,special,-1,1472,3613,1480,3613,,west ravik skies-->ravenwatch skies
xd6ee06,x012136,special,-1,1457,3613,2268,1680,,khaduran skies-->shipshatter
x1d9e44,x012136,special,-1,1460,3613,2268,1680,,diyanikhadd basin skies-->shipshatter
x1d9e44,xd6ee06,special,-1,1460,3613,1457,3613,,diyanikhadd basin skies-->khaduran skies
x1d9e44,xc47498,special,-1,1460,3613,1464,3613,,diyanikhadd basin skies-->tsiidiiyah heights
x48f613,xc47498,special,-1,1468,3613,1464,3613,,skravend skies-->tsiidiiyah heights
x48f613,x5b310e,special,-1,1468,3613,1445,3613,,skravend skies-->petal heights
xc0db5e,x5b310e,special,-1,1448,3613,1445,3613,,citrus winds-->petal heights
x98d567,x5b310e,special,-1,1440,3613,1445,3613,,cloudless skies-->petal heights
x98d567,x5b310e,special,-1,1440,3613,1445,3613,,cloudless skies-->petal heights
x98d567,x524ba5,special,-1,1440,3613,1436,3613,,cloudless skies-->barren skies
x2a2ee7,x524ba5,special,-1,1432,3613,1436,3613,,goldenpass skies-->barren skies
x2a2ee7,x1d9e44,special,-1,1432,3613,1460,3613,,goldenpass skies-->diyanikhadd basin skies
xe887c1,x961802,special,-1,1487,3613,1427,3613,,shoulderskies-->klingel heights
x9423b7,x961802,special,-1,1472,3613,1427,3613,,west ravik skies-->klingel heights
x0ed40a,x961802,special,-1,1421,3613,1427,3613,,north lake skies-->klingel heights
x0ed40a,x81b455,special,-1,1421,3613,1393,3613,,north lake skies-->misty heights
x088515,x81b455,special,-1,1400,3613,1393,3613,,south lake skies-->misty heights
xe887c1,x088515,special,-1,1487,3613,1400,3613,,shoulderskies-->south lake skies
xa5e0e0,x4a1f1f,special,-1,1362,3613,1358,3613,,yellow valley heights-->oldslope skies
xa5e0e0,x81b455,special,-1,1362,3613,1393,3613,,yellow valley heights-->misty heights
x7c4e02,xdc8b7c,special,-1,1372,3613,1377,3613,,skimmersskies-->dead sea skies
x7c4e02,x4b01c5,special,-1,1372,3613,1367,3613,,skimmersskies-->east amethyst heights
x4b01c5,x931b75,special,-1,1367,3613,1382,3613,,east amethyst heights-->west amethyst heights
x2a2ee7,x51a14c,special,-1,1432,3613,1404,3613,,goldenpass skies-->qomerqocha skies
x088515,x51a14c,special,-1,1400,3613,1404,3613,,south lake skies-->qomerqocha skies
x643454,x7fc19f,special,-1,1149,3613,1196,955,,drukyn skies-->bay of lanterns (south)
xe5943e,x7fc19f,special,-1,1135,3613,1196,955,,skies1-->bay of lanterns (south)
xe5943e,xa916aa,special,-1,1135,3613,1128,3613,,skies1-->kyrzur skies
xe5943e,x35e613,special,-1,1135,3613,1120,3613,,skies1-->skies3
x68484D,x35e613,special,-1,1037,3613,1120,3613,,mountain desmesne-->skies3
x922174,x68484D,special,-1,1018,3613,1037,3613,,nilbog skies-->mountain desmesne
x922174,x8b2b55,special,-1,1018,3613,999,3613,,nilbog skies-->north lanternshore skies
x922174,x1e95bc,special,-1,1018,3613,962,3613,,nilbog skies-->hooked winds
x1e95bc,xe85f26,special,-1,962,3613,7951,1755,,hooked winds-->skies4
x2a3e2b,x1e95bc,special,-1,1033,1448,962,3613,,southwestern scaletides-->hooked winds
xa916aa,x35e613,special,-1,1128,3613,1120,3613,,kyrzur skies-->skies3
xa916aa,x846e53,special,-1,1128,3613,1081,3613,,kyrzur skies-->khulanjo skies
xa9180d,x846e53,special,-1,1050,3613,1081,3613,,skies7-->khulanjo skies
xa9180d,xe85f26,special,-1,1050,3613,7951,1755,,skies7-->skies4
xa9180d,xd9a71f,special,-1,1050,3613,468,1101,,skies7-->the water lmao
xcefcd7,xe85f26,special,-1,1163,3613,1405,1214,,shirhuajian skies-->emperor's marbles THIS SEA STATE SOUNDS LIKE A EUPHEMISM
x526B12,xA162CC,special,-1,1154,3613,1170,3613,,oasis skies-->pisqupataa skies
x15153C,xA162CC,special,-1,1175,3613,1170,3613,,mikhuyuq winds-->pisqupataa skies
x15153C,xF9917D,special,-1,1175,3613,1180,3613,,mikhuyuq winds-->taytaqocha skies
x1916b0,xF9917D,special,-1,1352,3613,1180,3613,,savage skies-->taytaqocha skies
x1916b0,x13dfb7,special,-1,1352,3613,1348,3613,,savage skies-->maplelake skies
x750581,x13dfb7,special,-1,1332,3613,1348,3613,,kumaska skies-->maplelake skies
x5d51b9,x4e84bd,special,-1,1337,3613,1328,3613,,idk peninsula skies-->verdskies
xc161b7,x4e84bd,special,-1,1323,3613,1328,3613,,krovadoran skies-->verdskies
x89bb15,x4e84bd,special,-1,1312,3613,1328,3613,,montego heights-->verdskies
xc161b7,xef0569,canal_wolkara,-1,1323,3613,1317,3613,,krovadoran skies-->wolkara heights
x750581,xef0569,canal_wolkara,-1,1332,3613,1317,3613,,kumaska skies-->wolkara heights
xb85412,xc280f1,special,-1,1293,3613,1297,3613,,cantremember skies-->istrana skies
xb85412,xec5a49,special,-1,1293,3613,1282,3613,,cantremember skies-->kamuy peaks
x794c2e,x95b4bc,special,-1,1277,3613,5109,208,,paylazi heights-->dragon landing
x794c2e,xc09f23,special,-1,3537,1869,1272,3613,,muschelhavn landing-->south sukonskies
x794c2e,xefa218,special,-1,3537,1869,1267,3613,,muschelhavn landing-->flussholm skies
xc280f1,xef0569,canal_wolkara,-1,1297,3613,1317,3613,,istrana skies-->wolkara heights
xefa218,xc09f23,special,-1,1267,3613,1272,3613,,flussholm skies-->south sukonskies
xefa218,xabcc82,special,-1,1267,3613,1262,3613,,flussholm skies-->zephyrskies
x3d828e,xabcc82,special,-1,1252,3613,1262,3613,,soliloque heights-->zephyrskies
x3d828e,x8ff9f3,special,-1,1252,3613,1257,3613,,soliloque heights-->the white skies
xefa218,x8ff9f3,special,-1,1267,3613,1257,3613,,flussholm skies-->the white skies
xfb9f3f,x8ff9f3,special,-1,1247,3613,1257,3613,,morassian heights-->the white skies
x9f0a66,x579a11,special,-1,1237,3613,1242,3613,,ican skies-->drowned skies
xfb9f3f,x579a11,special,-1,1247,3613,1242,3613,,morassian heights-->drowned skies
xfb9f3f,x9f0a66,special,-1,1247,3613,1237,3613,,morassian heights-->ican skies
x291364,xabcc82,special,-1,1227,3613,1262,3613,,northern feystalk skies-->zephyrskies
x291364,xef6007,special,-1,1227,3613,1232,3613,,northern feystalk skies-->southern feystalk skies
x9f0a66,xef6007,special,-1,1237,3613,1232,3613,,ican skies-->southern feystalk skies
x3d828e,xef6007,special,-1,1252,3613,1232,3613,,soliloque heights-->southern feystalk skies
x866D94,xef6007,special,-1,1217,3613,1232,3613,,castlecourt heights-->southern feystalk skies
x866D94,x9f0a66,special,-1,1217,3613,1237,3613,,castlecourt heights-->ican skies
x866D94,xa3c246,special,-1,1217,3613,4175,1729,,castlecourt heights-->eireks landing
x866D94,x291365,special,-1,1217,3613,1222,3613,,castlecourt heights-->skies of the vow
x017cfe,x291365,special,-1,4296,1738,1222,3613,,lilacshores-->skies of the vow
xB1BF75,x291365,special,-1,1212,3613,1222,3613,,raquartes sky-->skies of the vow
x866D94,xe5e3e1,special,-1,1217,3613,1522,3613,,castlecourt heights-->emberland skies
x59814b,xe5e3e1,special,-1,1527,3613,1522,3613,,cropheart winds-->emberland skies
xB1BF75,xe5e3e1,special,-1,1212,3613,1522,3613,,raquartes sky-->emberland skies
xc05815,xe5e3e1,special,-1,1532,3613,1522,3613,,faerondale heights-->emberland skies
xc05815,x3fd1e1,special,-1,1532,3613,1537,3613,,faerondale heights-->faolna winds
xc05815,x291364,special,-1,1532,3613,1227,3613,,faerondale heights-->northern feystalk skies
xc05815,x3fd1e1,special,-1,1532,3613,1537,3613,,faerondale heights-->faolna winds
x291364,x3fd1e1,special,-1,3945,2128,1537,3613,,faolna pass tp-->faolna winds
x3373ef,x3fd1e1,special,-1,1547,3613,1537,3613,,south starshimmer skies-->faolna winds
xd8061f,x3fd1e1,special,-1,1542,3613,1537,3613,,marblegate heights-->faolna winds
xd8061f,x3373ef,special,-1,1542,3613,1547,3613,,marblegate heights-->south starshimmer skies
x248677,x248677,special,-1,1607,3613,1597,3613,,ashgate heights-->saharando skies
xC951E7,x248677,special,-1,1612,3613,1597,3613,,alvekskies-->saharando skies
xC951E7,x05D1F1,special,-1,1612,3613,1622,3613,,alvekskies-->kaskadvivo heights
x248677,x05D1F1,special,-1,1607,3613,1622,3613,,ashgate heights-->kaskadvivo heights
x5F5DBB,x05D1F1,special,-1,1617,3613,1622,3613,,beanlake-->kaskadvivo heights
x5F5DBB,x03ddad,special,-1,1617,3613,1627,3613,,beanlake-->east opalath heights
x5F5DBB,x2c8b7c,special,-1,1617,3613,1632,3613,,beanlake-->lumantan heights
x2c8b7c,x03ddad,special,-1,1632,3613,1627,3613,,lumantan heights-->east opalath heights /canalme
x59814b,x6f7a6e,special,-1,1527,3613,1657,3613,,cropheart winds-->sharpwood heights
x68d774,x94bf62,special,-1,4875,2203,1677,3613,,moornshore-->whiskerflight
xb85412,x2c8b7c,canal_lumanta,-1,1293,3613,1632,3613,,cantremember skies-->lumantan heights
xd3a577,xA6DC20,special,-1,6123,3025,1159,3613,,frostbite bay-->north yangerskies
xc17f2e,x9BA04A,special,-1,1837,3613,5140,1868,,cragskies-->virulent landing
xc17f2e,x7c086f,special,-1,1837,3613,1712,3613,,cragskies-->nogi skies
xc17f2e,x55bf71,special,-1,1837,3613,1842,3613,,cragskies-->skies of ceraun
x5CFFC2,x55bf71,special,-1,5118,2194,1842,3613,,valenshores-->skies of ceraun
x3182c6,xa3aa59,special,-1,1966,2011,1480,3613,,gnurkenshores-->ravenwatch skies
xD74D79,xa916aa,special,-1,773,896,1128,3613,,buyant landing-->kyrzur skies
x5274cf,xe85f26,special,-1,810,1457,7951,1755,,the north horizon-->skies4
x1e95bc,x5274cf,special,-1,962,3613,810,1457,,hooked winds-->the north horizon
x1916b0,x7f0656,special,-1,1352,3613,3105,2017,,savage skies-->salty shores
x7f0656,x13dfb7,special,-1,3105,2017,1348,3613,,salty shores-->maplelake skies
xFDB84F,xa262df,special,-1,-1,-1,-1,-1,,
xFC4AB7,xa262df,special,-1,-1,-1,-1,-1,,
xFDDF34,x900C5A,special,-1,-1,-1,-1,-1,,
xFE907E,x900C5A,special,-1,-1,-1,-1,-1,,
xFEF62A,x900C5A,special,-1,-1,-1,-1,-1,,
xEAF63A,x900C5A,special,-1,-1,-1,-1,-1,,
xFEC74B,xD23584,special,-1,-1,-1,-1,-1,,
xFE9D62,x387CCB,special,-1,-1,-1,-1,-1,,
xF7B05E,x387CCB,special,-1,-1,-1,-1,-1,,
xFD18FD,x03DAD2,special,-1,-1,-1,-1,-1,,
xF1B4B2,x03DAD2,special,-1,-1,-1,-1,-1,,
xFECE83,xD23584,special,-1,-1,-1,-1,-1,,
xF9D938,xA6DC20,special,-1,-1,-1,-1,-1,,
xFD5EBF,xCD6F04,special,-1,-1,-1,-1,-1,,
xFA45BA,xCD6F04,special,-1,-1,-1,-1,-1,,
xF9C7FC,xa262df,special,-1,-1,-1,-1,-1,,
xE8F5AB,xCD6F04,special,-1,-1,-1,-1,-1,,
xFE91DB,x03DAD2,special,-1,-1,-1,-1,-1,,
xF37BD8,x03DAD2,special,-1,-1,-1,-1,-1,,
xFBFA52,xA6DC20,special,-1,-1,-1,-1,-1,,
xF9D527,xA6DC20,special,-1,-1,-1,-1,-1,,
xFDFB14,x03DAD2,special,-1,-1,-1,-1,-1,,
xFEF4C2,x55bf71,special,-1,-1,-1,-1,-1,,
xFCD52B,xA0F598,special,-1,-1,-1,-1,-1,,
xF4F234,x33D286,special,-1,-1,-1,-1,-1,,
xFDEAF9,xc17f2e,special,-1,-1,-1,-1,-1,,
xFEFE7A,xA0F598,special,-1,-1,-1,-1,-1,,
xF97B82,x33D286,special,-1,-1,-1,-1,-1,,
xFB9194,x38F60C,special,-1,-1,-1,-1,-1,,
xFC39CF,x38F60C,special,-1,-1,-1,-1,-1,,
xFACD77,xA0F598,special,-1,-1,-1,-1,-1,,
xFAE71D,x38F60C,special,-1,-1,-1,-1,-1,,
xFA70A7,x38F60C,special,-1,-1,-1,-1,-1,,
xE8DB33,x38F60C,special,-1,-1,-1,-1,-1,,
xF2F3A4,xeb8516,special,-1,-1,-1,-1,-1,,
xFDFEBA,xeb8516,special,-1,-1,-1,-1,-1,,
xEB86C6,x1ECFD0,special,-1,-1,-1,-1,-1,,
xFD9266,x9DD98B,special,-1,-1,-1,-1,-1,,
xE39E98,xFDC231,special,-1,-1,-1,-1,-1,,
xFE6BC5,x1ECFD0,special,-1,-1,-1,-1,-1,,
xFD9FFB,xeb8516,special,-1,-1,-1,-1,-1,,
xF595E7,x1D96DA,special,-1,-1,-1,-1,-1,,
xFDAF62,xB1BF75,special,-1,-1,-1,-1,-1,,
xFDBDD7,x1D96DA,special,-1,-1,-1,-1,-1,,
xE7F137,x1D96DA,special,-1,-1,-1,-1,-1,,
xFEC833,x6f7a6e,special,-1,-1,-1,-1,-1,,
xFCB261,xeb8516,special,-1,-1,-1,-1,-1,,
xFD5ABF,x6f7a6e,special,-1,-1,-1,-1,-1,,
xFD59F0,x6f7a6e,special,-1,-1,-1,-1,-1,,
xFE9F71,x9FEB22,special,-1,-1,-1,-1,-1,,
xFBA46B,x9FEB22,special,-1,-1,-1,-1,-1,,
xFC5DF8,x6f7a6e,special,-1,-1,-1,-1,-1,,
xFD06FE,x8b2b55,special,-1,-1,-1,-1,-1,,
xFABB77,xBD2257,special,-1,-1,-1,-1,-1,,
xFE5DC0,xBD2257,special,-1,-1,-1,-1,-1,,
xFEF3EF,xBD2257,special,-1,-1,-1,-1,-1,,
xFBD4C1,x9FEB22,special,-1,-1,-1,-1,-1,,
xFD7BE5,x9FEB22,special,-1,-1,-1,-1,-1,,
xFE0CFE,x9FEB22,special,-1,-1,-1,-1,-1,,
xFEF701,x59814b,special,-1,-1,-1,-1,-1,,
xFCE5C6,x59814b,special,-1,-1,-1,-1,-1,,
xFEE512,x59814b,special,-1,-1,-1,-1,-1,,
xFCA57A,xeb8516,special,-1,-1,-1,-1,-1,,
xFAEC54,x7c086f,special,-1,-1,-1,-1,-1,,
xFED6B1,x7c086f,special,-1,-1,-1,-1,-1,,
xFDE638,x2F8624,special,-1,-1,-1,-1,-1,,
xFCA25B,x9DD98B,special,-1,-1,-1,-1,-1,,
xF249E4,x55bf71,special,-1,-1,-1,-1,-1,,
xFD7613,x2F8624,special,-1,-1,-1,-1,-1,,
xFB58C3,x2F8624,special,-1,-1,-1,-1,-1,,
xFBB76D,x2F8624,special,-1,-1,-1,-1,-1,,
xFEEFCF,x1ECFD0,special,-1,-1,-1,-1,-1,,
xFAA49E,x1CCDCC,special,-1,-1,-1,-1,-1,,
xFDD49F,x291365,special,-1,-1,-1,-1,-1,,
xF7FC32,xB1BF75,special,-1,-1,-1,-1,-1,,
xFBEAED,xe5e3e1,special,-1,-1,-1,-1,-1,,
xFC4DF0,xe5e3e1,special,-1,-1,-1,-1,-1,,
xF9FE2F,x866D94,special,-1,-1,-1,-1,-1,,
xFDC34F,x866D94,special,-1,-1,-1,-1,-1,,
xF4DF84,x866D94,special,-1,-1,-1,-1,-1,,
xFB57E5,xc05815,special,-1,-1,-1,-1,-1,,
xFDCA3C,xFF1587,special,-1,-1,-1,-1,-1,,
xFD8289,x9f0a66,special,-1,-1,-1,-1,-1,,
xE48CF5,xfb9f3f,special,-1,-1,-1,-1,-1,,
xFBFC21,x9f0a66,special,-1,-1,-1,-1,-1,,
xFBC0FD,x8ff9f3,special,-1,-1,-1,-1,-1,,
xF18EBA,x3d828e,special,-1,-1,-1,-1,-1,,
xFD61F3,xabcc82,special,-1,-1,-1,-1,-1,,
xFEFC09,xabcc82,special,-1,-1,-1,-1,-1,,
xFD50D1,xabcc82,special,-1,-1,-1,-1,-1,,
xFA36EA,xefa218,special,-1,-1,-1,-1,-1,,
xEF6CC2,x3d828e,special,-1,-1,-1,-1,-1,,
xFEF541,x3d828e,special,-1,-1,-1,-1,-1,,
xFCD7BD,x3fd1e1,special,-1,-1,-1,-1,-1,,
xF747F3,xef6007,special,-1,-1,-1,-1,-1,,
xFC8CE0,x291364,special,-1,-1,-1,-1,-1,,
xFBF4A0,xef6007,special,-1,-1,-1,-1,-1,,
xFEB29C,x291364,special,-1,-1,-1,-1,-1,,
xFE9FE6,xc05815,special,-1,-1,-1,-1,-1,,
xFDA880,xd8061f,special,-1,-1,-1,-1,-1,,
xFEF080,xd8061f,special,-1,-1,-1,-1,-1,,
xFB71DE,xd8061f,special,-1,-1,-1,-1,-1,,
xF9D5FB,x53D21B,special,-1,-1,-1,-1,-1,,
xFE8DFA,x53D21B,special,-1,-1,-1,-1,-1,,
xFDE476,x53D21B,special,-1,-1,-1,-1,-1,,
xFEE6C6,x3fd1e1,special,-1,-1,-1,-1,-1,,
xFCD726,x1CC382,special,-1,-1,-1,-1,-1,,
xFC8DF2,x1CC382,special,-1,-1,-1,-1,-1,,
xFCC73C,x1CC382,special,-1,-1,-1,-1,-1,,
xFEF718,xFF1587,special,-1,-1,-1,-1,-1,,
xFDDCDC,x3373ef,special,-1,-1,-1,-1,-1,,
xFDDDE3,x3373ef,special,-1,-1,-1,-1,-1,,
xFED79B,xFF1587,special,-1,-1,-1,-1,-1,,
xF86EC4,x4e84bd,special,-1,-1,-1,-1,-1,,
xF26CE5,x05D1F1,special,-1,-1,-1,-1,-1,,
xF1D6B3,x05D1F1,special,-1,-1,-1,-1,-1,,
xF173B5,x5F5DBB,special,-1,-1,-1,-1,-1,,
xF4D6D8,x5d51b9,special,-1,-1,-1,-1,-1,,
xFDEBBB,x5d51b9,special,-1,-1,-1,-1,-1,,
xF0A762,x2c8b7c,special,-1,-1,-1,-1,-1,,
xF8EA40,x2c8b7c,special,-1,-1,-1,-1,-1,,
xF79E95,xb85412,special,-1,-1,-1,-1,-1,,
xF833FE,xc280f1,special,-1,-1,-1,-1,-1,,
xFC67D3,x2c8b7c,special,-1,-1,-1,-1,-1,,
xFD23E0,x2c8b7c,special,-1,-1,-1,-1,-1,,
xFC5ADA,xb85412,special,-1,-1,-1,-1,-1,,
xFDBE60,xC951E7,special,-1,-1,-1,-1,-1,,
xFB68C0,xC951E7,special,-1,-1,-1,-1,-1,,
xFCB672,x4DC8AC,special,-1,-1,-1,-1,-1,,
xFEADC1,x4DC8AC,special,-1,-1,-1,-1,-1,,
xED92CD,x8376D6,special,-1,-1,-1,-1,-1,,
xFCDF4A,x8376D6,special,-1,-1,-1,-1,-1,,
xFB976D,xFF1587,special,-1,-1,-1,-1,-1,,
xFDB347,x03ddad,special,-1,-1,-1,-1,-1,,
xFD71A4,xB2F287,special,-1,-1,-1,-1,-1,,
xFEC632,xB2F287,special,-1,-1,-1,-1,-1,,
xF4EDA6,x61282D,special,-1,-1,-1,-1,-1,,
xFD9578,x750581,special,-1,-1,-1,-1,-1,,
xF8EF7D,xc09f23,special,-1,-1,-1,-1,-1,,
xEEB090,x2EE350,special,-1,-1,-1,-1,-1,,
xFABE9E,x2EE350,special,-1,-1,-1,-1,-1,,
xEC95C9,xefa218,special,-1,-1,-1,-1,-1,,
xF6EE4F,xec5a49,special,-1,-1,-1,-1,-1,,
xF4ECBB,xc09f23,special,-1,-1,-1,-1,-1,,
xFEB3BA,x248677,special,-1,-1,-1,-1,-1,,
xE987C1,x5F5DBB,special,-1,-1,-1,-1,-1,,
xF9DD8B,x5F5DBB,special,-1,-1,-1,-1,-1,,
xFAFA87,x03ddad,special,-1,-1,-1,-1,-1,,
xFCCF58,x03ddad,special,-1,-1,-1,-1,-1,,
xF9B3AA,x03ddad,special,-1,-1,-1,-1,-1,,
xFCAD58,xb85412,special,-1,-1,-1,-1,-1,,
xFEC854,x526B12,special,-1,-1,-1,-1,-1,,
xFDAAAE,x5b310e,special,-1,-1,-1,-1,-1,,
xEFF0D5,x48f613,special,-1,-1,-1,-1,-1,,
xF26ED0,x5b310e,special,-1,-1,-1,-1,-1,,
xF030FC,x6EE86B,special,-1,-1,-1,-1,-1,,
xF9CA66,x6EE86B,special,-1,-1,-1,-1,-1,,
xFD4FDB,x48f613,special,-1,-1,-1,-1,-1,,
xF0B868,x48f613,special,-1,-1,-1,-1,-1,,
xFEE9DD,x48f613,special,-1,-1,-1,-1,-1,,
xFAF4FA,xc47498,special,-1,-1,-1,-1,-1,,
xFDA9C1,x98d567,special,-1,-1,-1,-1,-1,,
xFEEB7C,x2a2ee7,special,-1,-1,-1,-1,-1,,
xFDF1DF,x2a2ee7,special,-1,-1,-1,-1,-1,,
xFCE024,xF9917D,special,-1,-1,-1,-1,-1,,
xF9F0A5,xa5e0e0,special,-1,-1,-1,-1,-1,,
xFDD077,x4a1f1f,special,-1,-1,-1,-1,-1,,
xFEB095,x24FC2C,special,-1,-1,-1,-1,-1,,
xFAEC2E,x24FC2C,special,-1,-1,-1,-1,-1,,
xFDC1BA,xdc8b7c,special,-1,-1,-1,-1,-1,,
xFE75B9,x01A920,special,-1,-1,-1,-1,-1,,
xFEC8A9,x2B858D,special,-1,-1,-1,-1,-1,,
xFABCE8,x1916b0,special,-1,-1,-1,-1,-1,,
xF62CE2,x13dfb7,special,-1,-1,-1,-1,-1,,
xFC96B6,x24FC2C,special,-1,-1,-1,-1,-1,,
xFDB978,x13dfb7,special,-1,-1,-1,-1,-1,,
xEB84CB,x571135,special,-1,-1,-1,-1,-1,,
xF8EC94,x571135,special,-1,-1,-1,-1,-1,,
xE6F51F,x571135,special,-1,-1,-1,-1,-1,,
xFC6AE9,x571135,special,-1,-1,-1,-1,-1,,
xF89CDA,x6D80F3,special,-1,-1,-1,-1,-1,,
xEF84E1,x571135,special,-1,-1,-1,-1,-1,,
xFB8379,x6D80F3,special,-1,-1,-1,-1,-1,,
xFBA3AF,x6D80F3,special,-1,-1,-1,-1,-1,,
xFEBDD8,x6D80F3,special,-1,-1,-1,-1,-1,,
xFAEDA0,x6D80F3,special,-1,-1,-1,-1,-1,,
xFDEC4B,x6D80F3,special,-1,-1,-1,-1,-1,,
xF7D75B,x6EE86B,special,-1,-1,-1,-1,-1,,
xFAE349,xc47498,special,-1,-1,-1,-1,-1,,
xFBF408,x2a2ee7,special,-1,-1,-1,-1,-1,,
xFE0AF1,xc47498,special,-1,-1,-1,-1,-1,,
xF9E67A,xc47498,special,-1,-1,-1,-1,-1,,
xFEAFE5,x1d9e44,special,-1,-1,-1,-1,-1,,
xFCD8A7,x1d9e44,special,-1,-1,-1,-1,-1,,
xF8B173,xd6ee06,special,-1,-1,-1,-1,-1,,
xFEBFA7,x1d9e44,special,-1,-1,-1,-1,-1,,
xDDFE75,xd6ee06,special,-1,-1,-1,-1,-1,,
xED88E9,xd6ee06,special,-1,-1,-1,-1,-1,,
xF5A464,xd6ee06,special,-1,-1,-1,-1,-1,,
xFCE3A4,xa6c067,special,-1,-1,-1,-1,-1,,
xFB95C7,xa6c067,special,-1,-1,-1,-1,-1,,
xFABAA9,xa6c067,special,-1,-1,-1,-1,-1,,
xFED295,x961802,special,-1,-1,-1,-1,-1,,
xEEE43C,x9423b7,special,-1,-1,-1,-1,-1,,
xFBC041,xa3aa59,special,-1,-1,-1,-1,-1,,
xF5CDCC,xa3aa59,special,-1,-1,-1,-1,-1,,
xF6AEE6,x9423b7,special,-1,-1,-1,-1,-1,,
xEEF9F4,x9423b7,special,-1,-1,-1,-1,-1,,
xF9F70D,x088515,special,-1,-1,-1,-1,-1,,
xE7F3F5,x961802,special,-1,-1,-1,-1,-1,,
xEE6D9E,x9423b7,special,-1,-1,-1,-1,-1,,
xF8ECDA,x9423b7,special,-1,-1,-1,-1,-1,,
xFBBEDC,x961802,special,-1,-1,-1,-1,-1,,
xF06ABB,x9423b7,special,-1,-1,-1,-1,-1,,
xF73BF5,x24BB5E,special,-1,-1,-1,-1,-1,,
xFD17F6,x0ed40a,special,-1,-1,-1,-1,-1,,
xF379B7,x961802,special,-1,-1,-1,-1,-1,,
xF92CD1,xe887c1,special,-1,-1,-1,-1,-1,,
xF8B665,x961802,special,-1,-1,-1,-1,-1,,
xF9F640,x961802,special,-1,-1,-1,-1,-1,,
xDCEAA1,x0ed40a,special,-1,-1,-1,-1,-1,,
xFD2DCC,xe887c1,special,-1,-1,-1,-1,-1,,
xF8CD3F,x24BB5E,special,-1,-1,-1,-1,-1,,
xEA7A9D,xD7CC72,special,-1,-1,-1,-1,-1,,
xFCD957,x0ed40a,special,-1,-1,-1,-1,-1,,
xFCCE87,x0ed40a,special,-1,-1,-1,-1,-1,,
xFB4CCF,xe887c1,special,-1,-1,-1,-1,-1,,
xF5BB97,xe887c1,special,-1,-1,-1,-1,-1,,
xF948ED,xD7CC72,special,-1,-1,-1,-1,-1,,
xFDBBD6,xa3aa59,special,-1,-1,-1,-1,-1,,
xFDD649,x931b75,special,-1,-1,-1,-1,-1,,
xFDE0EB,xD7CC72,special,-1,-1,-1,-1,-1,,
xFEE3B0,x931b75,special,-1,-1,-1,-1,-1,,
xFDD97A,xD7CC72,special,-1,-1,-1,-1,-1,,
xEBF814,x088515,special,-1,-1,-1,-1,-1,,
xF89CBF,xa3aa59,special,-1,-1,-1,-1,-1,,
xF477FE,x81b455,special,-1,-1,-1,-1,-1,,
xFBE086,x931b75,special,-1,-1,-1,-1,-1,,
xF5AEC0,xD7CC72,special,-1,-1,-1,-1,-1,,
xF1EB91,x81b455,special,-1,-1,-1,-1,-1,,
xEF8091,xa3aa59,special,-1,-1,-1,-1,-1,,
xF8F5A9,x088515,special,-1,-1,-1,-1,-1,,
xF7EFBB,xa3aa59,special,-1,-1,-1,-1,-1,,
xFCE8B8,x088515,special,-1,-1,-1,-1,-1,,
xF8FEE4,x088515,special,-1,-1,-1,-1,-1,,
xF0EBF7,xe887c1,special,-1,-1,-1,-1,-1,,
xFD1BF0,xe887c1,special,-1,-1,-1,-1,-1,,
xFD20F7,xe887c1,special,-1,-1,-1,-1,-1,,
xFACC4B,xe887c1,special,-1,-1,-1,-1,-1,,
xE7E67F,x81b455,special,-1,-1,-1,-1,-1,,
xF4C9F3,x81b455,special,-1,-1,-1,-1,-1,,
xED8AF8,x81b455,special,-1,-1,-1,-1,-1,,
x64D1F8,x3DCACA,special,-1,-1,-1,-1,-1,,
xFA68C5,x82C240,special,-1,-1,-1,-1,-1,,
xE78988,x82C240,special,-1,-1,-1,-1,-1,,
xF6BCB5,x82C240,special,-1,-1,-1,-1,-1,,
xF482FB,xE7360D,special,-1,-1,-1,-1,-1,,
xFBA694,xE7360D,special,-1,-1,-1,-1,-1,,
xFCDABE,x9F994E,special,-1,-1,-1,-1,-1,,
xFEF864,xE7360D,special,-1,-1,-1,-1,-1,,
xFBA1D7,x9F994E,special,-1,-1,-1,-1,-1,,
xFAB8CB,xEFB3B1,special,-1,-1,-1,-1,-1,,
xFAE050,x9F994E,special,-1,-1,-1,-1,-1,,
xFACA93,x794c2e,special,-1,-1,-1,-1,-1,,
xF5F7A1,x794c2e,special,-1,-1,-1,-1,-1,,
xFD52E3,x794c2e,special,-1,-1,-1,-1,-1,,
xF09573,x794c2e,special,-1,-1,-1,-1,-1,,
xA0DBAC,x6FB3DE,special,-1,-1,-1,-1,-1,,
xFC9AB4,x2E15D6,special,-1,-1,-1,-1,-1,,
xEFE05C,x2E15D6,special,-1,-1,-1,-1,-1,,
xF78B7B,xf18fb8,special,-1,-1,-1,-1,-1,,
xF3D6C5,xf18fb8,special,-1,-1,-1,-1,-1,,
xF464D4,xf18fb8,special,-1,-1,-1,-1,-1,,
xFCD642,xf18fb8,special,-1,-1,-1,-1,-1,,
xF9C0B0,xf18fb8,special,-1,-1,-1,-1,-1,,
xF8F314,xf18fb8,special,-1,-1,-1,-1,-1,,
xFCB6B9,x0fc193,special,-1,-1,-1,-1,-1,,
xFA4FF1,x0fc193,special,-1,-1,-1,-1,-1,,
xFD04F7,x0fc193,special,-1,-1,-1,-1,-1,,
xF2DEB6,x1e95bc,special,-1,-1,-1,-1,-1,,
xFCE121,x922174,special,-1,-1,-1,-1,-1,,
xF5CCEF,x922174,special,-1,-1,-1,-1,-1,,
xE574D0,x68484D,special,-1,-1,-1,-1,-1,,
xF9BBA1,x922174,special,-1,-1,-1,-1,-1,,
xFAC3F5,x68484D,special,-1,-1,-1,-1,-1,,
xF9B282,x68484D,special,-1,-1,-1,-1,-1,,
xFA9387,x35e613,special,-1,-1,-1,-1,-1,,
xFDFAF7,x35e613,special,-1,-1,-1,-1,-1,,
xFBFB61,x35e613,special,-1,-1,-1,-1,-1,,
xFEABB6,x35e613,special,-1,-1,-1,-1,-1,,
xFDFAD9,x35e613,special,-1,-1,-1,-1,-1,,
xEF61CD,xe5943e,special,-1,-1,-1,-1,-1,,
xF6BA63,xe5943e,special,-1,-1,-1,-1,-1,,
xEC8FC9,xe5943e,special,-1,-1,-1,-1,-1,,
xF8DB40,xe5943e,special,-1,-1,-1,-1,-1,,
xFC73FD,x643454,special,-1,-1,-1,-1,-1,,
xD984E4,xcefcd7,special,-1,-1,-1,-1,-1,,
x779BE3,x0A3F09,special,-1,-1,-1,-1,-1,,
xE674EF,xa916aa,special,-1,-1,-1,-1,-1,,
xFA58A9,x846e53,special,-1,-1,-1,-1,-1,,
xFDDC43,x846e53,special,-1,-1,-1,-1,-1,,
xF7C2F5,x843b4e,special,-1,-1,-1,-1,-1,,
xFAAFF3,x1e95bc,special,-1,-1,-1,-1,-1,,
xFEEFA4,x843b4e,special,-1,-1,-1,-1,-1,,
xFE8CE2,x846e53,special,-1,-1,-1,-1,-1,,
xFEE06D,xa9180d,special,-1,-1,-1,-1,-1,,
xF3B157,x1e95bc,special,-1,-1,-1,-1,-1,,
xFDF3C9,xa9180d,special,-1,-1,-1,-1,-1,,
xFDF0D3,xe85f26,special,-1,-1,-1,-1,-1,,
xeb8516,x6f7a6e,special,-1,-1,-1,-1,-1,,yelfis winds-->yelfis
xd8f644,x94bf62,special,-1,-1,-1,-1,-1,,whisker_fields --> whiskerflight
xeb8516,x94bf62,special,-1,-1,-1,-1,-1,,yelfis winds-->whiskerflight
xeb8516,x1ECFD0,special,-1,-1,-1,-1,-1,,yelfis winds --> lakeskies 2
xeb8516,x6f7a6e,special,-1,-1,-1,-1,-1,,yelfis winds --> sharpwood heights
xeb8516,x1D96DA,special,-1,-1,-1,-1,-1,,yelfis winds --> lakeskies 1